{"train_acc":[97.52400001464844,99.904,99.908,99.2480000024414,98.4640000048828,91.12800000488281,89.96399998535156,99.908,97.37600000976562,91.12799998535156,99.98,81.50399998046875,99.9240000024414,90.5239999951172,99.40000000488281,99.0640000024414,99.728,99.18,70.35599998779297,90.78799998779297,88.53999999511718,99.90800000244141,99.98,99.928,99.32400000732422,94.47599997558594,90.19599999755859,99.968,99.28800000732421,99.904,93.15999998535156,99.972,99.752,99.988,99.992,99.956,99.94,99.58000000488282,99.936,99.936,98.40800001220703,99.764,99.896,96.25600001953126,99.936,99.956,91.44799999267578,86.15600000732422,99.45200000244141,99.916,99.992,81.30399997558594,99.58,99.924,97.26000001464844,80.65999997314454,100.0,99.98,99.952,71.13999997802735,99.51200000732422,90.87999998779297,99.96,99.6440000024414,92.02399998779296,60.70799998413086,93.99199997314453,99.6480000024414,95.46400001464843,99.936,99.916,99.912,99.8280000024414,99.932,99.94,99.212,99.26400000488282,99.956,99.98,96.63200001464844,97.18399997070313,99.632,98.81200000244141,99.928,80.11599997070313,99.92,96.39200001220703,90.55599998779297,99.3400000024414,97.58400000732422,99.848,99.988,80.92799998046875,81.62799998291015,76.02000000488282,99.944,99.932,97.95200000732422,80.34799998291015,99.62],"train_loss":[-1,-1,-1,-1,-1,-1,-1,-1,-1,-1,-1,-1,-1,-1,-1,-1,-1,-1,-1,-1,-1,-1,-1,-1,-1,-1,-1,-1,-1,-1,-1,-1,-1,-1,-1,-1,-1,-1,-1,-1,-1,-1,-1,-1,-1,-1,-1,-1,-1,-1,-1,-1,-1,-1,-1,-1,-1,-1,-1,-1,-1,-1,-1,-1,-1,-1,-1,-1,-1,-1,-1,-1,-1,-1,-1,-1,-1,-1,-1,-1,-1,-1,-1,-1,-1,-1,-1,-1,-1,-1,-1,-1,-1,-1,-1,-1,-1,-1,-1,-1],"valid_acc":[84.15,87.58,88.19,86.13,84.65,71.99,82.45,86.87,79.7,83.75,90.53,77.89,88.89,83.84,87.03,85.51,86.07,86.9,67.97,84.23,80.24,87.73,88.69,88.07,85.43,76.43,82.22,88.69,85.08,88.94,83.99,89.89,87.79,88.95,90.01,89.21,87.24,86.48,89.09,88.08,87.0,87.65,87.51,85.72,88.58,88.71,82.42,81.96,85.13,89.73,90.96,71.97,86.83,87.26,85.61,77.02,90.82,88.99,89.49,68.5,87.69,83.64,89.36,87.46,82.41,60.01,85.14,86.59,82.66,89.14,88.33,88.71,88.34,88.64,87.34,86.35,86.77,88.28,88.71,86.02,85.36,87.87,85.59,87.39,76.33,88.42,86.0,83.58,86.66,79.64,86.82,89.5,70.9,71.24,72.17,89.01,88.28,85.98,70.72,87.25],"valid_loss":[-1,-1,-1,-1,-1,-1,-1,-1,-1,-1,-1,-1,-1,-1,-1,-1,-1,-1,-1,-1,-1,-1,-1,-1,-1,-1,-1,-1,-1,-1,-1,-1,-1,-1,-1,-1,-1,-1,-1,-1,-1,-1,-1,-1,-1,-1,-1,-1,-1,-1,-1,-1,-1,-1,-1,-1,-1,-1,-1,-1,-1,-1,-1,-1,-1,-1,-1,-1,-1,-1,-1,-1,-1,-1,-1,-1,-1,-1,-1,-1,-1,-1,-1,-1,-1,-1,-1,-1,-1,-1,-1,-1,-1,-1,-1,-1,-1,-1,-1,-1],"test_acc":[84.15,87.58,88.19,86.13,84.65,71.99,82.45,86.87,79.7,83.75,90.53,77.89,88.89,83.84,87.03,85.51,86.07,86.9,67.97,84.23,80.24,87.73,88.69,88.07,85.43,76.43,82.22,88.69,85.08,88.94,83.99,89.89,87.79,88.95,90.01,89.21,87.24,86.48,89.09,88.08,87.0,87.65,87.51,85.72,88.58,88.71,82.42,81.96,85.13,89.73,90.96,71.97,86.83,87.26,85.61,77.02,90.82,88.99,89.49,68.5,87.69,83.64,89.36,87.46,82.41,60.01,85.14,86.59,82.66,89.14,88.33,88.71,88.34,88.64,87.34,86.35,86.77,88.28,88.71,86.02,85.36,87.87,85.59,87.39,76.33,88.42,86.0,83.58,86.66,79.64,86.82,89.5,70.9,71.24,72.17,89.01,88.28,85.98,70.72,87.25],"test_loss":[-1,-1,-1,-1,-1,-1,-1,-1,-1,-1,-1,-1,-1,-1,-1,-1,-1,-1,-1,-1,-1,-1,-1,-1,-1,-1,-1,-1,-1,-1,-1,-1,-1,-1,-1,-1,-1,-1,-1,-1,-1,-1,-1,-1,-1,-1,-1,-1,-1,-1,-1,-1,-1,-1,-1,-1,-1,-1,-1,-1,-1,-1,-1,-1,-1,-1,-1,-1,-1,-1,-1,-1,-1,-1,-1,-1,-1,-1,-1,-1,-1,-1,-1,-1,-1,-1,-1,-1,-1,-1,-1,-1,-1,-1,-1,-1,-1,-1,-1,-1],"runtime":[0.1549973487854004,0.12900686264038086,0.1501619815826416,0.1336367130279541,0.15035581588745117,0.15402817726135254,0.1470043659210205,0.18113231658935547,0.16111421585083008,0.14241409301757812,0.14919519424438477,0.12978792190551758,0.15510892868041992,0.14159035682678223,0.15032362937927246,0.1502244472503662,0.13683509826660156,0.16222429275512695,0.1317737102508545,0.12114477157592773,0.1457655429840088,1.6703312397003174,0.13692259788513184,0.12991619110107422,0.1503455638885498,0.1328742504119873,0.1326291561126709,0.15009284019470215,0.13342666625976562,0.13367938995361328,0.13351106643676758,0.13368606567382812,0.13348388671875,0.668245792388916,0.13352012634277344,0.133561372756958,0.1338510513305664,0.1302340030670166,0.15030193328857422,0.1329972743988037,0.13351225852966309,0.13365650177001953,0.1335453987121582,0.14877676963806152,0.1328120231628418,0.13337063789367676,0.13367295265197754,0.7717292308807373,0.13011813163757324,0.13352346420288086,0.13352727890014648,0.13324308395385742,0.1334395408630371,0.11690092086791992,0.13370490074157715,0.1502237319946289,0.11685490608215332,0.15033769607543945,0.1335585117340088,0.1346144676208496,0.13142132759094238,0.15044426918029785,0.1372692584991455,0.1295309066772461,0.8518886566162109,0.1334066390991211,0.14801692962646484,0.13383269309997559,0.11689066886901855,0.14992117881774902,0.1339278221130371,0.1334385871887207,0.1336216926574707,0.13343405723571777,0.15723109245300293,0.15704011917114258,0.13370323181152344,0.1506047248840332,0.14208269119262695,0.14768195152282715,0.1358351707458496,0.13544726371765137,0.11236715316772461,0.13370752334594727,1.0024008750915527,0.13013696670532227,0.13356375694274902,0.13361072540283203,0.1670851707458496,0.176408052444458,0.14990592002868652,0.14153552055358887,0.12539052963256836,0.13286328315734863,0.15081453323364258,0.14319181442260742,0.128037691116333,0.12286520004272461,0.1368107795715332,0.12546062469482422],"train_time":[6.615197479724885,11.615648368994394,8.760392963886261,11.540902137756348,6.5470739404360465,6.547141750653585,6.3529492417971305,6.254641969998676,11.296724816163382,5.242934048175812,11.939277827739716,5.923916697502136,11.811403850714365,3.107647637526194,11.346710006395975,11.330716669559479,7.891838570435842,7.760389904181163,8.035191118717194,7.213069518407185,9.523486932118734,9.53491085767746,11.265652298927307,10.384643157323202,7.796436448891957,8.571866770585379,7.176330626010895,11.667245944341024,5.688370684782664,14.735585967699686,6.298459966977437,7.982504487037658,8.584790488084158,12.229443013668059,7.123821000258128,15.475562334060669,11.733189682165781,8.153028229872385,11.399804870287577,11.018346846103668,9.30877540508906,10.90860915184021,7.322300215562184,6.72411032517751,11.300679862499237,10.874146342277527,7.342565913995107,2.971669336160024,7.42929607629776,15.801124572753906,8.39825040102005,8.755675355593363,8.220074474811554,8.863216559092203,8.695482889811197,5.884996056556702,13.567876160144806,13.525910357634226,9.0298623641332,6.1637688875198355,8.529481093088785,7.127067724863688,8.864339311917623,9.674293100833893,5.975898027420044,4.599513451258342,7.467173675696055,11.304293394088745,8.041267116864523,7.285994450251262,8.368748764197031,7.705408414204915,10.314489126205444,5.505912721157074,12.00346553325653,8.053359051545462,10.60034437974294,11.78648187716802,12.827040592829388,9.268164058526358,8.695172548294067,10.459543963273367,9.611209630966187,11.676714897155762,4.503024458885193,10.083572705586752,6.782308340072633,6.681723336378734,7.29196165005366,8.244799812634787,6.121826310952505,14.047374169031778,3.947543501853943,6.632476131121318,8.957882046699524,9.55204208691915,7.682304839293162,8.73914110660553,4.010654866695404,11.148025214672089],"arch_eval":[],"params":0}