{"train_acc":[99.548,72.61199998291016,99.912,99.88400000244141,99.92,99.988,97.94400000732422,89.03200001220704,72.39200001953125,99.528,91.91600001953125,99.98,99.952,99.336,96.72400001464844,99.684,99.75200000488282,99.932,99.948,99.984,91.21999999511719,99.988,99.03600000244141,80.56399998779297,99.84400000488282,99.71200000488281,99.956,93.84799998046876,99.968,99.62,99.888,99.964,99.972,99.964,80.54000000976562,99.97600000244141,99.948,98.332,90.07599999023438,99.26800000244141,99.932,83.03200001220704,99.968,98.34400000732421,98.59200000732422,99.952,99.892,99.9360000024414,99.92000000244141,99.972,75.53599999023437,99.936,99.888,99.884,93.15999998291015,80.896,96.33600000732422,91.50399999023438,99.88,81.36800001464844,75.50000000976563,98.07200000976563,83.36799998535156,99.848,99.876,99.876,99.9040000024414,99.928,34.368,71.92399999023438,99.9,99.46400000244141,99.76400000732421,99.964,99.86800000488282,99.608,81.52399997558594,99.924,97.80800000976562,99.952,99.956,76.468,90.96799999023438,99.988,99.964,92.87999997802734,99.00800000732421,99.964,99.892,99.964,99.948,99.944,99.988,99.94,99.936,99.96,98.53600001220703,99.984,92.82799999267579,99.92],"train_loss":[-1,-1,-1,-1,-1,-1,-1,-1,-1,-1,-1,-1,-1,-1,-1,-1,-1,-1,-1,-1,-1,-1,-1,-1,-1,-1,-1,-1,-1,-1,-1,-1,-1,-1,-1,-1,-1,-1,-1,-1,-1,-1,-1,-1,-1,-1,-1,-1,-1,-1,-1,-1,-1,-1,-1,-1,-1,-1,-1,-1,-1,-1,-1,-1,-1,-1,-1,-1,-1,-1,-1,-1,-1,-1,-1,-1,-1,-1,-1,-1,-1,-1,-1,-1,-1,-1,-1,-1,-1,-1,-1,-1,-1,-1,-1,-1,-1,-1,-1,-1],"valid_acc":[83.83,66.22,88.09,88.68,89.14,90.01,85.91,81.87,66.3,87.35,83.42,87.95,89.08,85.22,85.97,87.61,87.9,87.75,87.17,90.9,84.73,89.33,86.1,70.6,83.95,85.71,89.23,84.4,90.15,86.15,88.82,88.33,90.1,88.78,70.81,89.24,89.45,86.13,75.5,86.98,89.72,78.51,89.14,84.97,85.2,88.9,86.81,89.1,88.74,89.65,72.63,88.75,88.93,88.96,83.78,71.82,85.62,82.99,89.0,71.48,72.65,84.94,78.16,88.09,88.85,88.71,88.39,88.91,33.86,66.5,88.01,86.21,85.95,88.72,86.01,88.26,72.35,88.59,85.86,88.68,88.94,71.43,84.01,90.33,89.32,78.58,79.69,88.91,87.98,88.95,88.98,89.93,90.56,88.04,88.18,89.18,84.03,90.95,79.55,89.51],"valid_loss":[-1,-1,-1,-1,-1,-1,-1,-1,-1,-1,-1,-1,-1,-1,-1,-1,-1,-1,-1,-1,-1,-1,-1,-1,-1,-1,-1,-1,-1,-1,-1,-1,-1,-1,-1,-1,-1,-1,-1,-1,-1,-1,-1,-1,-1,-1,-1,-1,-1,-1,-1,-1,-1,-1,-1,-1,-1,-1,-1,-1,-1,-1,-1,-1,-1,-1,-1,-1,-1,-1,-1,-1,-1,-1,-1,-1,-1,-1,-1,-1,-1,-1,-1,-1,-1,-1,-1,-1,-1,-1,-1,-1,-1,-1,-1,-1,-1,-1,-1,-1],"test_acc":[83.83,66.22,88.09,88.68,89.14,90.01,85.91,81.87,66.3,87.35,83.42,87.95,89.08,85.22,85.97,87.61,87.9,87.75,87.17,90.9,84.73,89.33,86.1,70.6,83.95,85.71,89.23,84.4,90.15,86.15,88.82,88.33,90.1,88.78,70.81,89.24,89.45,86.13,75.5,86.98,89.72,78.51,89.14,84.97,85.2,88.9,86.81,89.1,88.74,89.65,72.63,88.75,88.93,88.96,83.78,71.82,85.62,82.99,89.0,71.48,72.65,84.94,78.16,88.09,88.85,88.71,88.39,88.91,33.86,66.5,88.01,86.21,85.95,88.72,86.01,88.26,72.35,88.59,85.86,88.68,88.94,71.43,84.01,90.33,89.32,78.58,79.69,88.91,87.98,88.95,88.98,89.93,90.56,88.04,88.18,89.18,84.03,90.95,79.55,89.51],"test_loss":[-1,-1,-1,-1,-1,-1,-1,-1,-1,-1,-1,-1,-1,-1,-1,-1,-1,-1,-1,-1,-1,-1,-1,-1,-1,-1,-1,-1,-1,-1,-1,-1,-1,-1,-1,-1,-1,-1,-1,-1,-1,-1,-1,-1,-1,-1,-1,-1,-1,-1,-1,-1,-1,-1,-1,-1,-1,-1,-1,-1,-1,-1,-1,-1,-1,-1,-1,-1,-1,-1,-1,-1,-1,-1,-1,-1,-1,-1,-1,-1,-1,-1,-1,-1,-1,-1,-1,-1,-1,-1,-1,-1,-1,-1,-1,-1,-1,-1,-1,-1],"runtime":[0.13679170608520508,0.12134361267089844,0.13662958145141602,0.47694945335388184,0.1141514778137207,0.14545726776123047,0.11684370040893555,0.12115287780761719,0.11929130554199219,0.12811708450317383,0.5046131610870361,0.12925267219543457,0.13057613372802734,0.1229403018951416,0.11296224594116211,0.11696219444274902,0.11791229248046875,0.13658666610717773,0.1306002140045166,0.5341496467590332,0.13077735900878906,0.14058494567871094,0.11474847793579102,0.11461567878723145,0.14655327796936035,0.12514114379882812,0.12990522384643555,0.11834430694580078,0.12904739379882812,0.12356686592102051,0.5804095268249512,0.12396359443664551,0.13071107864379883,0.11583352088928223,0.13005733489990234,0.13311004638671875,0.11993837356567383,0.13049054145812988,0.12966251373291016,0.12504959106445312,0.1304783821105957,0.1335899829864502,0.1286022663116455,0.6193122863769531,0.13807201385498047,0.11697554588317871,0.12813735008239746,0.11759591102600098,0.12349367141723633,0.1308884620666504,0.1332554817199707,0.12992167472839355,0.1394367218017578,0.13135862350463867,0.12486624717712402,0.12454795837402344,0.11571478843688965,0.11361074447631836,0.1370232105255127,0.7133574485778809,0.1196279525756836,0.13420939445495605,0.12665176391601562,0.12859034538269043,0.12740826606750488,0.1362626552581787,0.1198880672454834,0.11685943603515625,0.12357354164123535,0.11522865295410156,0.13401198387145996,0.1297919750213623,0.12384557723999023,0.12866759300231934,0.11905336380004883,0.1293778419494629,0.14092350006103516,0.13128113746643066,0.8018524646759033,0.1321253776550293,0.13019728660583496,0.10979485511779785,0.13096404075622559,0.12806367874145508,0.13294529914855957,0.12402224540710449,0.13152074813842773,0.11360478401184082,0.13197088241577148,0.1252908706665039,0.13100314140319824,0.12879467010498047,0.1392350196838379,0.1154019832611084,0.1298990249633789,0.13118267059326172,0.14046072959899902,0.11599516868591309,0.13254523277282715,0.11836361885070801],"train_time":[11.03836840391159,9.00768248240153,10.099398573239645,11.82204387585322,6.977147698402405,9.04529176155726,11.439773321151733,7.256068746248881,5.667346636454265,11.447630206743876,10.35059130191803,10.955829878648123,7.088386058807374,8.768609821796417,10.267294784386953,12.199067095915476,9.814614911874136,10.955446680386862,11.58655951420466,13.629057129224142,6.907759368419646,10.547664066155752,7.807363231976827,5.216461042563121,8.537667234738668,10.658282299836477,12.156538744767508,8.626001298427582,15.682379404703775,10.663041472434998,9.171135683854422,11.26204021771749,9.916084488232931,9.197215060393015,7.327507336934406,11.986492415269216,13.266391138235726,4.648640433947246,8.40313063065211,12.052167038122812,12.843906958897907,3.8398601611455283,13.918030281861624,7.585646669069925,9.346119125684103,11.225874165693918,7.5540459752082825,9.032221297423044,9.195506572723389,8.9243373076121,7.958439628283183,14.876054465770721,11.110699931780497,7.551818430423737,8.58066608508428,8.3890460729599,11.622908671696981,8.73257557551066,9.27244625488917,6.822610755761463,6.837446192900339,7.585599601268769,7.0141121943791696,11.94917768239975,12.019827206929525,8.83236712217331,11.62547767162323,10.04524658123652,4.4031544129053755,9.25454451640447,6.028667747974396,10.366162896156311,8.754195392131805,11.606665233771006,10.54252831141154,8.298967719078064,6.75089289744695,7.029786904652914,11.330814818541208,9.658139646053314,14.07590009768804,7.036563615004223,5.482645491758983,12.56217312812805,12.098973174889883,9.509124755859375,9.637410839398703,11.541851659615835,10.2992112437884,10.36289898554484,10.821565171082815,9.54769871632258,9.412997305393219,10.406032085418701,11.023841043313345,10.208411673704783,10.74559493859609,11.051221350828806,9.615472714106241,15.36602654059728],"arch_eval":[],"params":0}