{"train_acc":[99.116,99.5520000024414,90.96799999023438,99.16800000732422,99.964],"train_loss":[-1,-1,-1,-1,-1],"valid_acc":[86.81,84.74,84.01,84.36,90.21],"valid_loss":[-1,-1,-1,-1,-1],"test_acc":[86.81,84.74,84.01,84.36,90.21],"test_loss":[-1,-1,-1,-1,-1],"runtime":[0.15860199928283691,0.47057628631591797,0.1514883041381836,0.11863112449645996,0.15960383415222168],"train_time":[9.658029774824778,8.600922246774038,5.482645491758983,7.32925244172414,10.839458545049032],"arch_eval":[],"params":0}