{"train_acc":[52.724,79.93,93.486,52.534,89.782,97.186,94.49,78.164,63.548,70.954,52.422,92.034,99.748,71.654,54.32,81.852,75.36,62.258,91.056,93.726,52.24,94.96,78.602,90.942,83.878,62.942,95.7,92.098,71.35,9.816,91.62,99.186,91.25,89.424,96.006,99.664,99.664,98.776,94.564,87.67,99.866,99.032,99.728,97.894,98.11,99.084,94.134,99.604,90.77,87.58,99.664,98.848,98.708,99.634,99.444,98.968,98.844,99.27,98.594,98.968,98.838,99.604,99.39,99.22,99.22,97.906,99.756,97.748,98.556,97.95,97.704,98.786,97.42,97.532,97.522,99.652,96.908,98.674,99.072,98.998,98.936,99.344,96.338,95.158,95.55,97.614,98.054,99.87,99.524,99.634,99.664,99.634,82.368,99.524,99.146,99.358,96.784,99.146,99.046,90.678],"train_loss":[-1,-1,-1,-1,-1,-1,-1,-1,-1,-1,-1,-1,-1,-1,-1,-1,-1,-1,-1,-1,-1,-1,-1,-1,-1,-1,-1,-1,-1,-1,-1,-1,-1,-1,-1,-1,-1,-1,-1,-1,-1,-1,-1,-1,-1,-1,-1,-1,-1,-1,-1,-1,-1,-1,-1,-1,-1,-1,-1,-1,-1,-1,-1,-1,-1,-1,-1,-1,-1,-1,-1,-1,-1,-1,-1,-1,-1,-1,-1,-1,-1,-1,-1,-1,-1,-1,-1,-1,-1,-1,-1,-1,-1,-1,-1,-1,-1,-1,-1,-1],"valid_acc":[49.34000001831055,67.04,68.87999992675782,46.82000001220703,64.73999992675782,69.65999990234376,68.67999995117188,64.79999999389648,59.04000002441406,60.999999981689456,47.95999998779297,67.38000006103516,72.08000006103515,61.99999992675781,50.119999938964845,62.49999995117187,57.16,55.799999932861326,66.98000000610351,63.74000003662109,46.679999926757816,65.55999992675781,64.67999998779297,65.71999992675781,64.51999987792969,56.099999969482425,67.27999996337891,66.61999993896484,61.7800000366211,10.179999996185304,65.2,70.75999986572266,67.15999987792969,65.62000001220703,65.79999990234376,70.6200000366211,70.6200000366211,70.64000004882813,67.09999997558593,63.879999951171875,70.40000006103516,69.67999997558594,70.87999995117187,69.6199999633789,66.68000002441406,70.88000001220703,68.38,71.45999991455078,67.46,67.23999992675782,70.6200000366211,69.72000002441406,68.73999991455078,70.43999986572265,70.39999990234375,69.86000004882813,68.61999986572266,70.42,69.33999993896484,69.86000004882813,71.13999998779298,71.45999991455078,71.61999998779297,71.18000004882812,71.18000004882812,69.7400000366211,70.24000004882812,69.77999996337891,69.90000006103516,70.16000002441406,68.68000001220703,70.37999998779297,69.52000004882812,70.21999996337891,68.75999997558594,71.56000006103515,69.67999987792969,69.87999993896484,70.63999996337891,69.95999989013671,70.83999986572266,71.41999992675781,64.7599999572754,68.80000004882812,68.65999996337891,69.45999993896484,69.92000003662109,72.13999992675781,71.23999986572265,70.43999986572265,70.6200000366211,70.43999986572265,63.79999997558594,71.23999986572265,68.4400000366211,68.81999991455078,70.65999995117187,68.4400000366211,69.37999993896484,67.34000003662109],"valid_loss":[-1,-1,-1,-1,-1,-1,-1,-1,-1,-1,-1,-1,-1,-1,-1,-1,-1,-1,-1,-1,-1,-1,-1,-1,-1,-1,-1,-1,-1,-1,-1,-1,-1,-1,-1,-1,-1,-1,-1,-1,-1,-1,-1,-1,-1,-1,-1,-1,-1,-1,-1,-1,-1,-1,-1,-1,-1,-1,-1,-1,-1,-1,-1,-1,-1,-1,-1,-1,-1,-1,-1,-1,-1,-1,-1,-1,-1,-1,-1,-1,-1,-1,-1,-1,-1,-1,-1,-1,-1,-1,-1,-1,-1,-1,-1,-1,-1,-1,-1,-1],"test_acc":[49.34000001831055,67.04,68.87999992675782,46.82000001220703,64.73999992675782,69.65999990234376,68.67999995117188,64.79999999389648,59.04000002441406,60.999999981689456,47.95999998779297,67.38000006103516,72.08000006103515,61.99999992675781,50.119999938964845,62.49999995117187,57.16,55.799999932861326,66.98000000610351,63.74000003662109,46.679999926757816,65.55999992675781,64.67999998779297,65.71999992675781,64.51999987792969,56.099999969482425,67.27999996337891,66.61999993896484,61.7800000366211,10.179999996185304,65.2,70.75999986572266,67.15999987792969,65.62000001220703,65.79999990234376,70.6200000366211,70.6200000366211,70.64000004882813,67.09999997558593,63.879999951171875,70.40000006103516,69.67999997558594,70.87999995117187,69.6199999633789,66.68000002441406,70.88000001220703,68.38,71.45999991455078,67.46,67.23999992675782,70.6200000366211,69.72000002441406,68.73999991455078,70.43999986572265,70.39999990234375,69.86000004882813,68.61999986572266,70.42,69.33999993896484,69.86000004882813,71.13999998779298,71.45999991455078,71.61999998779297,71.18000004882812,71.18000004882812,69.7400000366211,70.24000004882812,69.77999996337891,69.90000006103516,70.16000002441406,68.68000001220703,70.37999998779297,69.52000004882812,70.21999996337891,68.75999997558594,71.56000006103515,69.67999987792969,69.87999993896484,70.63999996337891,69.95999989013671,70.83999986572266,71.41999992675781,64.7599999572754,68.80000004882812,68.65999996337891,69.45999993896484,69.92000003662109,72.13999992675781,71.23999986572265,70.43999986572265,70.6200000366211,70.43999986572265,63.79999997558594,71.23999986572265,68.4400000366211,68.81999991455078,70.65999995117187,68.4400000366211,69.37999993896484,67.34000003662109],"test_loss":[-1,-1,-1,-1,-1,-1,-1,-1,-1,-1,-1,-1,-1,-1,-1,-1,-1,-1,-1,-1,-1,-1,-1,-1,-1,-1,-1,-1,-1,-1,-1,-1,-1,-1,-1,-1,-1,-1,-1,-1,-1,-1,-1,-1,-1,-1,-1,-1,-1,-1,-1,-1,-1,-1,-1,-1,-1,-1,-1,-1,-1,-1,-1,-1,-1,-1,-1,-1,-1,-1,-1,-1,-1,-1,-1,-1,-1,-1,-1,-1,-1,-1,-1,-1,-1,-1,-1,-1,-1,-1,-1,-1,-1,-1,-1,-1,-1,-1,-1,-1],"runtime":[0.1356186866760254,0.1341865062713623,0.15089774131774902,0.13089513778686523,0.16957449913024902,0.6357357501983643,0.14644813537597656,0.1386735439300537,0.1598832607269287,0.14866232872009277,0.13919448852539062,0.1479663848876953,0.16944098472595215,0.1463932991027832,0.13992953300476074,0.6323745250701904,0.16041922569274902,0.1398453712463379,0.1451582908630371,0.14116692543029785,0.14774394035339355,0.1524820327758789,0.14707207679748535,0.1456897258758545,0.15770268440246582,0.12758898735046387,0.7028224468231201,0.15389513969421387,0.15100431442260742,0.12471127510070801,0.1361234188079834,0.14738798141479492,0.15367698669433594,0.13310694694519043,0.17211365699768066,0.14176702499389648,0.16179966926574707,0.1543266773223877,0.7675960063934326,0.1512928009033203,0.16389083862304688,0.13862228393554688,0.16864728927612305,0.14790749549865723,0.16994738578796387,0.16197419166564941,0.15326571464538574,0.1484212875366211,0.16723251342773438,0.16515731811523438,0.17218446731567383,0.16440796852111816,0.1323990821838379,0.8634893894195557,0.15473675727844238,0.14472675323486328,0.15957903861999512,0.1622638702392578,0.16735339164733887,0.15029025077819824,0.14676666259765625,0.16971731185913086,0.13085675239562988,0.16969966888427734,0.14742660522460938,0.16917157173156738,0.17330455780029297,0.1356205940246582,0.169175386428833,0.1648092269897461,0.9516429901123047,0.15040087699890137,0.16543245315551758,0.16954708099365234,0.14162683486938477,0.15123939514160156,0.1545722484588623,0.1635744571685791,0.15373921394348145,0.15027165412902832,0.15014123916625977,0.1668567657470703,0.15027618408203125,0.15069031715393066,0.15015316009521484,0.1495523452758789,0.16507363319396973,0.15634870529174805,0.16039299964904785,0.17076373100280762,1.0674962997436523,0.16735577583312988,0.1453390121459961,0.17147064208984375,0.14864397048950195,0.1536252498626709,0.15971159934997559,0.15067100524902344,0.1833209991455078,0.1648876667022705],