{"train_acc":[96.48400001708984,99.984,99.964,99.972,99.80400000244141,99.768,99.96,99.92,100.0,79.53999997558594,96.30000001708984,97.95200000732422,99.936,99.972,97.62399997070312,99.936,99.88400000488281,79.52399999023437,99.984,99.24400000976563,99.972,96.60399998046876,99.4880000048828,80.85999997070313,99.912,99.684,99.92800000244141,81.22399997314453,98.56000000732422,81.09999998535156,82.50399997070312,99.984,99.956,99.62800000244141,91.44799999267578,71.94000001953125,81.19199998291016,99.8280000024414,99.8200000024414,99.896,99.964,91.65199998046874,99.928,80.97199997070312,99.46400000244141,99.928,99.56,99.912,99.98,99.91600000244141,99.84,90.82800001464844,99.844,99.908,99.936,89.90399999511719,99.6,99.272,90.7760000024414,99.968,91.91999999267578,98.85600000732421,93.71199997314453,99.936,90.88399998291015,95.82800001464844,33.036000004882816,99.892,94.54799999023437,99.916,91.07199998779296,99.956,98.68000000976562,99.912,99.96,99.86400000488281,99.272,99.91600000244141,99.964,99.952,99.652,99.984,99.932,99.72000000244141,99.864,99.928,99.14800000488282,77.836,90.956,99.25200000732421,99.984,99.31200000244141,96.46800001708985,99.868,71.98799999267578,96.48799997314453,90.90399997802734,99.92000000244141,98.88000000488282,99.984],"train_loss":[-1,-1,-1,-1,-1,-1,-1,-1,-1,-1,-1,-1,-1,-1,-1,-1,-1,-1,-1,-1,-1,-1,-1,-1,-1,-1,-1,-1,-1,-1,-1,-1,-1,-1,-1,-1,-1,-1,-1,-1,-1,-1,-1,-1,-1,-1,-1,-1,-1,-1,-1,-1,-1,-1,-1,-1,-1,-1,-1,-1,-1,-1,-1,-1,-1,-1,-1,-1,-1,-1,-1,-1,-1,-1,-1,-1,-1,-1,-1,-1,-1,-1,-1,-1,-1,-1,-1,-1,-1,-1,-1,-1,-1,-1,-1,-1,-1,-1,-1,-1],"valid_acc":[84.99,89.59,89.77,89.29,86.0,88.02,90.07,89.08,91.15,74.85,85.59,85.98,89.65,90.32,85.98,89.16,89.64,74.86,90.45,84.74,90.22,85.9,87.33,71.42,88.61,86.31,88.26,77.46,86.44,71.41,77.88,89.97,88.36,86.5,82.42,66.15,71.82,87.97,85.67,86.79,89.26,83.89,88.43,71.87,86.21,88.6,87.4,87.21,90.99,88.84,88.38,83.78,86.73,88.97,89.04,71.76,87.68,83.42,81.19,89.53,83.65,86.15,84.33,88.08,83.71,83.78,33.92,88.53,84.56,88.76,82.95,90.11,86.54,89.09,89.08,88.78,85.33,88.67,88.87,89.62,84.09,90.83,89.25,87.88,88.18,87.67,86.85,74.21,84.16,85.3,89.78,83.35,85.5,88.34,69.32,85.8,75.8,89.5,86.4,89.97],"valid_loss":[-1,-1,-1,-1,-1,-1,-1,-1,-1,-1,-1,-1,-1,-1,-1,-1,-1,-1,-1,-1,-1,-1,-1,-1,-1,-1,-1,-1,-1,-1,-1,-1,-1,-1,-1,-1,-1,-1,-1,-1,-1,-1,-1,-1,-1,-1,-1,-1,-1,-1,-1,-1,-1,-1,-1,-1,-1,-1,-1,-1,-1,-1,-1,-1,-1,-1,-1,-1,-1,-1,-1,-1,-1,-1,-1,-1,-1,-1,-1,-1,-1,-1,-1,-1,-1,-1,-1,-1,-1,-1,-1,-1,-1,-1,-1,-1,-1,-1,-1,-1],"test_acc":[84.99,89.59,89.77,89.29,86.0,88.02,90.07,89.08,91.15,74.85,85.59,85.98,89.65,90.32,85.98,89.16,89.64,74.86,90.45,84.74,90.22,85.9,87.33,71.42,88.61,86.31,88.26,77.46,86.44,71.41,77.88,89.97,88.36,86.5,82.42,66.15,71.82,87.97,85.67,86.79,89.26,83.89,88.43,71.87,86.21,88.6,87.4,87.21,90.99,88.84,88.38,83.78,86.73,88.97,89.04,71.76,87.68,83.42,81.19,89.53,83.65,86.15,84.33,88.08,83.71,83.78,33.92,88.53,84.56,88.76,82.95,90.11,86.54,89.09,89.08,88.78,85.33,88.67,88.87,89.62,84.09,90.83,89.25,87.88,88.18,87.67,86.85,74.21,84.16,85.3,89.78,83.35,85.5,88.34,69.32,85.8,75.8,89.5,86.4,89.97],"test_loss":[-1,-1,-1,-1,-1,-1,-1,-1,-1,-1,-1,-1,-1,-1,-1,-1,-1,-1,-1,-1,-1,-1,-1,-1,-1,-1,-1,-1,-1,-1,-1,-1,-1,-1,-1,-1,-1,-1,-1,-1,-1,-1,-1,-1,-1,-1,-1,-1,-1,-1,-1,-1,-1,-1,-1,-1,-1,-1,-1,-1,-1,-1,-1,-1,-1,-1,-1,-1,-1,-1,-1,-1,-1,-1,-1,-1,-1,-1,-1,-1,-1,-1,-1,-1,-1,-1,-1,-1,-1,-1,-1,-1,-1,-1,-1,-1,-1,-1,-1,-1],"runtime":[0.11617493629455566,0.10689687728881836,0.46378350257873535,0.1307969093322754,0.12512421607971191,0.11449599266052246,0.1322786808013916,0.12822866439819336,0.12552785873413086,0.5118496417999268,0.1126091480255127,0.12342453002929688,0.11584830284118652,0.1124269962310791,0.11638617515563965,0.11884808540344238,0.12479496002197266,0.12585878372192383,0.5710041522979736,0.11681151390075684,0.13126373291015625,0.11486530303955078,0.12876462936401367,0.11972522735595703,0.1473689079284668,0.13173270225524902,0.1326758861541748,0.12215495109558105,0.11648249626159668,0.6177008152008057,0.11446905136108398,0.12404465675354004,0.12307095527648926,0.13078832626342773,0.1392979621887207,0.11591887474060059,0.11590337753295898,0.12790322303771973,0.12531113624572754,0.1155548095703125,0.1158287525177002,0.1177823543548584,0.6464188098907471,0.12412595748901367,0.09998941421508789,0.11672544479370117,0.1289660930633545,0.11679863929748535,0.12409615516662598,0.13151311874389648,0.12902283668518066,0.12027597427368164,0.10222530364990234,0.1316688060760498,0.12475085258483887,0.14476943016052246,0.10947656631469727,0.7648217678070068,0.15866804122924805,0.13800597190856934,0.1535942554473877,0.13390898704528809,0.13822340965270996,0.14621901512145996,0.14508795738220215,0.1394941806793213,0.13444280624389648,0.132171630859375,0.14484333992004395,0.1655292510986328,0.17165160179138184,0.14325714111328125,0.17088532447814941,0.14854764938354492,0.13809633255004883,0.14541339874267578,0.8512365818023682,0.130873441696167,0.12385439872741699,0.13202476501464844,0.1326742172241211,0.13659238815307617,0.13138723373413086,0.13084721565246582,0.13752222061157227,0.13043451309204102,0.1442275047302246,0.1408219337463379,0.13267946243286133,0.11665582656860352,0.13715457916259766,0.1322319507598877,0.1319260597229004,0.1511826515197754,0.17809653282165527,0.1683804988861084,0.16708731651306152,0.19063997268676758,0.17856454849243164,1.2189676761627197],"train_time":[8.066584448019663,10.75772343079249,12.585201780001322,8.843773404757181,8.43602434794108,10.772503932317099,9.517105658849081,10.858928879102072,11.397108316421509,6.812068998813629,5.007783989111583,8.73914110660553,12.31286476055781,7.0564592083295175,8.720628599325815,11.559791962305704,9.987623473008474,7.441361606121064,9.675431827704111,5.656373222668965,15.251680076122284,6.709992051124572,12.07742820183436,8.676679094632467,12.26927363872528,11.012663463751474,8.82701458533605,6.036671340465546,10.215428213278452,8.908116638660431,5.5016632080078125,13.725245078404743,9.286388436953226,7.392336030801138,7.342565913995107,9.947938660780588,8.502147058645884,13.210116604963938,8.767077386379242,7.922204514344533,10.291056513786316,5.638671338558197,10.716857035954794,6.992278317610424,10.366162896156311,13.037465393543243,8.407688359419504,10.666050354639689,9.551586945851644,10.037747542063395,11.681198755900065,5.020943721135457,9.023710310459137,13.940379122893017,8.964991251627604,7.434681336085002,8.214386085669199,7.899034738540649,8.884405771891275,10.325256129105886,8.69823439915975,9.492051005363464,8.463868697484335,10.424852788448334,4.051533003648122,8.274790346622467,6.276658296585083,6.598466177781423,6.209136267503102,9.497516711552938,5.564631342887878,13.925657312075296,9.617447316646576,11.17575736840566,6.840795338153838,10.946295082569122,5.610195497671763,14.127231677373251,11.031827171643576,11.223690489927927,8.772628664970398,11.540181239446005,12.503402252991995,10.057298421859741,12.160007178783417,9.598463356494904,10.75151757399241,6.300486425558725,5.374503235022227,8.308685541152954,14.0371905763944,7.318465292453766,8.7917533715566,11.009306808312735,6.311560233434041,5.3556345502535505,6.932389597098032,12.650409976641336,5.646094183127086,13.725245078404743],"arch_eval":[],"params":0}